synthetic_file,score,synthetic_data_median_DCR,random_data_baseline_median_DCR
synthetic_lung_TTGAN_LGBM.csv,0.3080169982881922,0.07826124960159896,0.2540809437029018
synthetic_lung_CopulaGAN.csv,0.3606870006293339,0.09249780728396317,0.25644896301383513
synthetic_lung_CTGAN.csv,0.1370896062229353,0.03508931558708647,0.2559589786115818
