synthetic_file,score,synthetic_data_median_DCR,random_data_baseline_median_DCR
synthetic_liver_CTGAN.csv,0.31404985739989494,0.10498271472870646,0.334286777258513
synthetic_liver_CopulaGAN.csv,0.41276984029181135,0.1378026461528485,0.3338486311292213
synthetic_liver_TTGAN_LGBM.csv,0.32058802552326365,0.10721996243085108,0.334447808073451
