condition,score,synthetic_data_median_DCR,random_data_baseline_median_DCR
imbal_CSCOPULAGAN,0.32577777194474605,0.08319723894537846,0.2553619346562233
imbal_CSCTGAN,0.345048751024172,0.08813398283805036,0.25544864781215004
imbal_DCCOPULAGAN,0.3161488015890808,0.08073900068496545,0.2553842364810686
imbal_DCCTGAN,0.3261926610025073,0.08330843734971241,0.2553822102894955
