Synthetic_File,Shape_1,Shape_2,Shape_3,Shape_4,Shape_5,PairTrend_1,PairTrend_2,PairTrend_3,PairTrend_4,PairTrend_5,Overall_1,Overall_2,Overall_3,Overall_4,Overall_5
synthetic_liver_CTGAN.csv,0.8619307753539421,0.8619307753539421,0.8619307753539421,0.8619307753539421,0.8619307753539421,0.6875576162868428,0.6875576162868428,0.6875576162868428,0.6875576162868428,0.6875576162868428,0.7747441958203924,0.7747441958203924,0.7747441958203924,0.7747441958203924,0.7747441958203924
synthetic_liver_CopulaGAN.csv,0.7944973895173498,0.7944973895173498,0.7944973895173498,0.7944973895173498,0.7944973895173498,0.6012970675537864,0.6012970675537864,0.6012970675537864,0.6012970675537864,0.6012970675537864,0.6978972285355681,0.6978972285355681,0.6978972285355681,0.6978972285355681,0.6978972285355681
synthetic_liver_TTGAN_LGBM.csv,0.8091138109145403,0.8091138109145403,0.8091138109145403,0.8091138109145403,0.8091138109145403,0.6811240029073199,0.6811240029073199,0.6811240029073199,0.6811240029073199,0.6811240029073199,0.7451189069109301,0.7451189069109301,0.7451189069109301,0.7451189069109301,0.7451189069109301
