Synthetic_File,Shape_1,Shape_2,Shape_3,Shape_4,Shape_5,PairTrend_1,PairTrend_2,PairTrend_3,PairTrend_4,PairTrend_5,Overall_1,Overall_2,Overall_3,Overall_4,Overall_5
synthetic_lung_TTGAN_LGBM.csv,0.895704601039044,0.895704601039044,0.895704601039044,0.895704601039044,0.895704601039044,0.7694669524164492,0.7694669524164492,0.7694669524164492,0.7694669524164492,0.7694669524164492,0.8325857767277467,0.8325857767277467,0.8325857767277467,0.8325857767277467,0.8325857767277467
synthetic_lung_CopulaGAN.csv,0.8340842406251494,0.8340842406251494,0.8340842406251494,0.8340842406251494,0.8340842406251494,0.7041672010549025,0.7041672010549025,0.7041672010549025,0.7041672010549025,0.7041672010549025,0.769125720840026,0.769125720840026,0.769125720840026,0.769125720840026,0.769125720840026
synthetic_lung_CTGAN.csv,0.9344453636939781,0.9344453636939781,0.9344453636939781,0.9344453636939781,0.9344453636939781,0.8240967923157718,0.8240967923157718,0.8240967923157718,0.8240967923157718,0.8240967923157718,0.8792710780048749,0.8792710780048749,0.8792710780048749,0.8792710780048749,0.8792710780048749
