condition,score,synthetic_data_median_DCR,random_data_baseline_median_DCR
cs_COPULAGAN,0.6333333333333334,0.2,0.32
cs_CTGAN,0.6666666666666667,0.2,0.3
dc_COPULAGAN,0.6476190476190478,0.2,0.30999999999999994
dc_CTGAN,0.6476190476190478,0.2,0.30999999999999994
