condition,score,synthetic_data_median_DCR,random_data_baseline_median_DCR
cs,0.23131455647289484,0.06090585488876006,0.26330138494868743
dc,0.22469937349028504,0.05909653466653173,0.26297949091146766
