condition,score,synthetic_data_median_DCR,random_data_baseline_median_DCR
cs_COPULAGAN,0.23008839247780197,0.06069883838627175,0.26376121553724746
cs_CTGAN,0.23254072046798774,0.06111287139124838,0.2628415543601274
dc_COPULAGAN,0.2277664660886652,0.0599884991653992,0.26332045824049766
dc_CTGAN,0.2216322808919049,0.05820457016766426,0.26263852358243767
