condition,score,synthetic_data_median_DCR,random_data_baseline_median_DCR
bal_CSCOPULAGAN,0.35684033035254065,0.0911840042516067,0.25552007579946795
bal_CSCTGAN,0.3752223936121694,0.09593459899459512,0.2556911988461721
bal_DCCOPULAGAN,0.32442861061221173,0.08283788039191295,0.25533337517715343
bal_DCCTGAN,0.33329422292337546,0.08514008088598421,0.2554466992287823
